mapping_id,platform_code,shop_id,platform_product_id,platform_product_name_snapshot,master_product_id,mapping_status,mapping_source,confidence_score,valid_from,valid_to,enabled,reviewed_by,reviewed_at,notes,created_at,updated_at
1,douyin,1,3523538019611183417,【鱼子酱洗护组合】弹动鱼子酱氨基酸洗发水发膜套装控油蓬松留香D,2,CONFIRMED,MANUAL,1.0000,2026-06-01,,t,MASTERDATA_ADMIN,2026-08-08 14:51:26.415521+08,初始治理人工确认,2026-08-08 14:51:26.415521+08,2026-08-08 14:51:26.415521+08
2,douyin,1,3658584866435510760,弹动人参茶树纯露洗发水护发素套装控油留香蓬松洗护发膜洗发露D,3,CONFIRMED,MANUAL,1.0000,2026-06-01,,t,MASTERDATA_ADMIN,2026-08-08 14:51:26.415521+08,初始治理人工确认,2026-08-08 14:51:26.415521+08,2026-08-08 14:51:26.415521+08
3,douyin,2,3822240520315470154,弹动鱼子酱氨基酸洗发水推荐发膜套装控油蓬松持久留香头发洗发露,4,CONFIRMED,MANUAL,1.0000,2026-06-01,,t,MASTERDATA_ADMIN,2026-08-08 14:51:26.415521+08,初始治理人工确认,2026-08-08 14:51:26.415521+08,2026-08-08 14:51:26.415521+08
4,douyin,1,3777721060405936555,弹动鱼子酱氨基酸发膜套装控油蓬松持久留香柔顺护发素头发洗发水,5,CONFIRMED,MANUAL,1.0000,2026-06-01,,t,MASTERDATA_ADMIN,2026-08-08 14:51:26.415521+08,初始治理人工确认,2026-08-08 14:51:26.415521+08,2026-08-08 14:51:26.415521+08
5,douyin,1,3697011738043089300,【夏季推荐】弹动鱼子酱氨基酸人参纯露洗发水套装蓬松控油洗发露D,6,CONFIRMED,MANUAL,1.0000,2026-06-01,,t,MASTERDATA_ADMIN,2026-08-08 14:51:26.415521+08,初始治理人工确认,2026-08-08 14:51:26.415521+08,2026-08-08 14:51:26.415521+08
6,douyin,2,3700110037105115368,弹动鱼子酱氨基酸洗发水发膜套装控油蓬松持久留香头发洗发水推荐,7,CONFIRMED,MANUAL,1.0000,2026-06-01,,t,MASTERDATA_ADMIN,2026-08-08 14:51:26.415521+08,初始治理人工确认,2026-08-08 14:51:26.415521+08,2026-08-08 14:51:26.415521+08
7,douyin,2,3809452311126868036,弹动鱼子酱氨基酸洗发水发膜鱼子酱奢护养护蓬松头发洗发露推荐,8,CONFIRMED,MANUAL,1.0000,2026-06-01,,t,MASTERDATA_ADMIN,2026-08-08 14:51:26.415521+08,初始治理人工确认,2026-08-08 14:51:26.415521+08,2026-08-08 14:51:26.415521+08
8,douyin,1,3679939786237411406,弹动人参纯露洗护洗发水男士护发素控油蓬松柔顺留香发膜洗头膏K,9,CONFIRMED,MANUAL,1.0000,2026-06-01,,t,MASTERDATA_ADMIN,2026-08-08 14:51:26.415521+08,初始治理人工确认,2026-08-08 14:51:26.415521+08,2026-08-08 14:51:26.415521+08
9,douyin,2,3801439362340749595,弹动椰子蓬松洗护系列控油蓬松留香双0配方顺养护修护洗发水ZB,10,CONFIRMED,MANUAL,1.0000,2026-06-01,,t,MASTERDATA_ADMIN,2026-08-08 14:51:26.415521+08,初始治理人工确认,2026-08-08 14:51:26.415521+08,2026-08-08 14:51:26.415521+08
10,douyin,1,3638336876483616833,弹动香水沐浴露持久留香保湿补水深层清洁润肤清爽香氛沐浴油D,11,CONFIRMED,MANUAL,1.0000,2026-06-01,,t,MASTERDATA_ADMIN,2026-08-08 14:51:26.415521+08,初始治理人工确认,2026-08-08 14:51:26.415521+08,2026-08-08 14:51:26.415521+08
11,douyin,1,3547241828338273156,弹动鱼子酱氨基酸洗护套装多效洗发水护发素蓬松顺滑养护洗头膏,12,CONFIRMED,MANUAL,1.0000,2026-06-01,,t,MASTERDATA_ADMIN,2026-08-08 14:51:26.415521+08,初始治理人工确认,2026-08-08 14:51:26.415521+08,2026-08-08 14:51:26.415521+08
12,douyin,2,3740745940508738168,弹动鱼子酱氨基酸洗发水发膜柔顺蓬松去屑持久留香蓬松洗发水ZB,13,CONFIRMED,MANUAL,1.0000,2026-06-01,,t,MASTERDATA_ADMIN,2026-08-08 14:51:26.415521+08,初始治理人工确认,2026-08-08 14:51:26.415521+08,2026-08-08 14:51:26.415521+08
13,douyin,1,3588464918741052956,【鱼子酱洗护组合】弹动鱼子酱氨基酸洗发水发膜套装蓬松控油留香D,14,CONFIRMED,MANUAL,1.0000,2026-06-01,,t,MASTERDATA_ADMIN,2026-08-08 14:51:26.415521+08,初始治理人工确认,2026-08-08 14:51:26.415521+08,2026-08-08 14:51:26.415521+08
14,douyin,1,3726899071131189459,弹动洋甘菊二硫化硒洗头露留香控油净澈去屑洗发水清爽头发洗发水,15,CONFIRMED,MANUAL,1.0000,2026-06-01,,t,MASTERDATA_ADMIN,2026-08-08 14:51:26.415521+08,初始治理人工确认,2026-08-08 14:51:26.415521+08,2026-08-08 14:51:26.415521+08
15,douyin,2,3777875340127502708,弹动鱼子酱氨基酸洗护套装控油蓬松持久留香洗发水推荐S11,16,CONFIRMED,MANUAL,1.0000,2026-06-01,,t,MASTERDATA_ADMIN,2026-08-08 14:51:26.415521+08,初始治理人工确认,2026-08-08 14:51:26.415521+08,2026-08-08 14:51:26.415521+08
16,douyin,2,3823544272729276453,弹动鱼子酱氨基酸洗护套装控油蓬松持久留香洗发水推荐S11,16,CONFIRMED,MANUAL,1.0000,2026-06-01,,t,MASTERDATA_ADMIN,2026-08-08 14:51:26.415521+08,初始治理人工确认,2026-08-08 14:51:26.415521+08,2026-08-08 14:51:26.415521+08
17,douyin,1,3587673057818478364,弹动鱼子酱氨基酸洗发水控油蓬松洗头膏发膜持久留香洗护洗发水K,17,CONFIRMED,MANUAL,1.0000,2026-06-01,,t,MASTERDATA_ADMIN,2026-08-08 14:51:26.415521+08,初始治理人工确认,2026-08-08 14:51:26.415521+08,2026-08-08 14:51:26.415521+08
18,douyin,2,3705349405390536872,弹动人参茶树纯露洗发水发膜控油防断蓬松舒缓修护高级洗发露ZB,18,CONFIRMED,MANUAL,1.0000,2026-06-01,,t,MASTERDATA_ADMIN,2026-08-08 14:51:26.415521+08,初始治理人工确认,2026-08-08 14:51:26.415521+08,2026-08-08 14:51:26.415521+08
19,douyin,1,3648045027000734535,弹动人参茶树纯露洗发水柔顺控油蓬松保湿持久控油头发洗发露推荐,19,CONFIRMED,MANUAL,1.0000,2026-06-01,,t,MASTERDATA_ADMIN,2026-08-08 14:51:26.415521+08,初始治理人工确认,2026-08-08 14:51:26.415521+08,2026-08-08 14:51:26.415521+08
20,douyin,2,3772718628269589040,【618官方现货】弹动椰子蓬松洗发水发膜洗护套装控油蓬松留香ZB,20,CONFIRMED,MANUAL,1.0000,2026-06-01,,t,MASTERDATA_ADMIN,2026-08-08 14:51:26.415521+08,初始治理人工确认,2026-08-08 14:51:26.415521+08,2026-08-08 14:51:26.415521+08
21,douyin,1,3639120757432389786,弹动乳酸菌白松露护发素洗发水套装去屑控油蓬松洗发露香氛发膜D,21,CONFIRMED,MANUAL,1.0000,2026-06-01,,t,MASTERDATA_ADMIN,2026-08-08 14:51:26.415521+08,初始治理人工确认,2026-08-08 14:51:26.415521+08,2026-08-08 14:51:26.415521+08
22,douyin,2,3770861890343928034,【618官方现货】弹动椰子蓬松洗发洗护套装控油蓬松双0配方洗发露ZB,22,CONFIRMED,MANUAL,1.0000,2026-06-01,,t,MASTERDATA_ADMIN,2026-08-08 14:51:26.415521+08,初始治理人工确认,2026-08-08 14:51:26.415521+08,2026-08-08 14:51:26.415521+08
23,douyin,2,3807772094083760551,弹动鱼子酱氨基酸洗护套装控油蓬松持久留香头发洗发水推荐fnn,23,CONFIRMED,MANUAL,1.0000,2026-06-01,,t,MASTERDATA_ADMIN,2026-08-08 14:51:26.415521+08,初始治理人工确认,2026-08-08 14:51:26.415521+08,2026-08-08 14:51:26.415521+08
24,douyin,2,3703675787824726413,弹动鱼子酱洗发水氨基酸洗护养护修护高级洗头控油洗发水洗发露,24,CONFIRMED,MANUAL,1.0000,2026-06-01,,t,MASTERDATA_ADMIN,2026-08-08 14:51:26.415521+08,初始治理人工确认,2026-08-08 14:51:26.415521+08,2026-08-08 14:51:26.415521+08
25,douyin,2,3710114497751548312,弹动鱼子酱氨基酸洗发水发膜蓬松控油蓬松头发留香洗头洗发露DXS,25,CONFIRMED,MANUAL,1.0000,2026-06-01,,t,MASTERDATA_ADMIN,2026-08-08 14:51:26.415521+08,初始治理人工确认,2026-08-08 14:51:26.415521+08,2026-08-08 14:51:26.415521+08
26,douyin,1,3587133030038434554,弹动鱼子酱氨基酸洗发水蓬松控油高颅顶洗护套装香氛洗发膏护发素,26,CONFIRMED,MANUAL,1.0000,2026-06-01,,t,MASTERDATA_ADMIN,2026-08-08 14:51:26.415521+08,初始治理人工确认,2026-08-08 14:51:26.415521+08,2026-08-08 14:51:26.415521+08
27,douyin,2,3820197851166802403,弹动椰子蓬松洗发水发膜套装柔顺养护控油蓬松持久留香双0配方Q,27,CONFIRMED,MANUAL,1.0000,2026-06-01,,t,MASTERDATA_ADMIN,2026-08-08 14:51:26.415521+08,初始治理人工确认,2026-08-08 14:51:26.415521+08,2026-08-08 14:51:26.415521+08
28,douyin,2,3817213016374641273,弹动椰子蓬松洗发水发膜套装柔顺养护控油蓬松持久留香双0配方Q,27,CONFIRMED,MANUAL,1.0000,2026-06-01,,t,MASTERDATA_ADMIN,2026-08-08 14:51:26.415521+08,初始治理人工确认,2026-08-08 14:51:26.415521+08,2026-08-08 14:51:26.415521+08
29,douyin,1,3588797686071064629,弹动椰子洗发水推荐护发素控油双0配方多效柔顺养护修护洗头膏K,28,CONFIRMED,MANUAL,1.0000,2026-06-01,,t,MASTERDATA_ADMIN,2026-08-08 14:51:26.415521+08,初始治理人工确认,2026-08-08 14:51:26.415521+08,2026-08-08 14:51:26.415521+08
30,douyin,2,3627041614897225165,弹动椰子洗发水推荐护发素控油双0配方多效柔顺养护修护洗头膏K,28,CONFIRMED,MANUAL,1.0000,2026-06-01,,t,MASTERDATA_ADMIN,2026-08-08 14:51:26.415521+08,初始治理人工确认,2026-08-08 14:51:26.415521+08,2026-08-08 14:51:26.415521+08
31,douyin,2,3705534222212137311,弹动鱼子酱氨基酸控油蓬松洗发水保湿养护发膜持久留香洗发推荐K,29,CONFIRMED,MANUAL,1.0000,2026-06-01,,t,MASTERDATA_ADMIN,2026-08-08 14:51:26.415521+08,初始治理人工确认,2026-08-08 14:51:26.415521+08,2026-08-08 14:51:26.415521+08
32,douyin,2,3763969687487119778,弹动鱼子酱氨基酸洗护套装沐浴露发膜养护蓬松持久留香洗头洗发露,30,CONFIRMED,MANUAL,1.0000,2026-06-01,,t,MASTERDATA_ADMIN,2026-08-08 14:51:26.415521+08,初始治理人工确认,2026-08-08 14:51:26.415521+08,2026-08-08 14:51:26.415521+08
33,douyin,1,3629845627254502659,弹动香水沐浴露清爽保湿润肤补水清爽沐浴露滋润沐浴乳持久留香D,31,CONFIRMED,MANUAL,1.0000,2026-06-01,,t,MASTERDATA_ADMIN,2026-08-08 14:51:26.415521+08,初始治理人工确认,2026-08-08 14:51:26.415521+08,2026-08-08 14:51:26.415521+08
34,douyin,1,3696242434330722549,弹动人参茶树纯露发膜控油蓬松持久发护发保湿亮泽留香护发素,32,CONFIRMED,MANUAL,1.0000,2026-06-01,,t,MASTERDATA_ADMIN,2026-08-08 14:51:26.415521+08,初始治理人工确认,2026-08-08 14:51:26.415521+08,2026-08-08 14:51:26.415521+08
35,douyin,1,3760428368814801126,弹动防脱固发洗发水深层清洁持久持久留香保湿柔顺洗头洗发膏推荐,33,CONFIRMED,MANUAL,1.0000,2026-06-01,,t,MASTERDATA_ADMIN,2026-08-08 14:51:26.415521+08,初始治理人工确认,2026-08-08 14:51:26.415521+08,2026-08-08 14:51:26.415521+08
36,douyin,2,3683235396432560394,弹动玫瑰纯露香氛香发喷雾72小时持久留香保湿护发改善干枯毛躁ZB,34,CONFIRMED,MANUAL,1.0000,2026-06-01,,t,MASTERDATA_ADMIN,2026-08-08 14:51:26.415521+08,初始治理人工确认,2026-08-08 14:51:26.415521+08,2026-08-08 14:51:26.415521+08
37,douyin,1,3685124640683982947,弹动玫瑰纯露香氛香发喷雾72小时持久留香保湿护发改善干枯毛躁,34,CONFIRMED,MANUAL,1.0000,2026-06-01,,t,MASTERDATA_ADMIN,2026-08-08 14:51:26.415521+08,初始治理人工确认,2026-08-08 14:51:26.415521+08,2026-08-08 14:51:26.415521+08
38,douyin,1,3686804827561656659,弹动鱼子酱油养前导发膜保湿柔顺护理头发护发素持久留香防断发,35,CONFIRMED,MANUAL,1.0000,2026-06-01,,t,MASTERDATA_ADMIN,2026-08-08 14:51:26.415521+08,初始治理人工确认,2026-08-08 14:51:26.415521+08,2026-08-08 14:51:26.415521+08
39,douyin,2,3653388860190252499,弹动鱼子酱油养前导发膜保湿柔顺护理头发护发素持久留香防断发,35,CONFIRMED,MANUAL,1.0000,2026-06-01,,t,MASTERDATA_ADMIN,2026-08-08 14:51:26.415521+08,初始治理人工确认,2026-08-08 14:51:26.415521+08,2026-08-08 14:51:26.415521+08
65,douyin,2,3775262204530655728,弹动人参茶树纯露洗发水发膜控油蓬松洗护套装持久留香洗发露推荐,39,CONFIRMED,MANUAL,1.0000,2026-06-01,,t,MASTERDATA_ADMIN,2026-08-08 14:57:35.495131+08,补充治理人工确认,2026-08-08 14:57:35.495131+08,2026-08-08 14:57:35.495131+08
66,douyin,1,3657255547859817276,弹动人参茶树纯露发膜控油蓬松持久保湿亮泽养发护发发膜补水洗头,40,CONFIRMED,MANUAL,1.0000,2026-06-01,,t,MASTERDATA_ADMIN,2026-08-08 14:57:35.495131+08,补充治理人工确认,2026-08-08 14:57:35.495131+08,2026-08-08 14:57:35.495131+08
67,douyin,2,3713519736852709702,弹动氨基酸鱼子酱养护丰盈发膜控油蓬松洗发水推荐补水香氛洗发露,41,CONFIRMED,MANUAL,1.0000,2026-06-01,,t,MASTERDATA_ADMIN,2026-08-08 14:57:35.495131+08,补充治理人工确认,2026-08-08 14:57:35.495131+08,2026-08-08 14:57:35.495131+08
68,douyin,1,3781969689383666101,弹动椰子控油蓬松双0配方养护持久留香柔顺高级洗发膏洗发水推荐T,42,CONFIRMED,MANUAL,1.0000,2026-06-01,,t,MASTERDATA_ADMIN,2026-08-08 14:57:35.495131+08,补充治理人工确认,2026-08-08 14:57:35.495131+08,2026-08-08 14:57:35.495131+08
69,douyin,2,3756014250754179506,弹动鱼子酱氨基酸洗头洗发水发膜洗护套装养护蓬松高级洗发露,43,CONFIRMED,MANUAL,1.0000,2026-06-01,,t,MASTERDATA_ADMIN,2026-08-08 14:57:35.495131+08,补充治理人工确认,2026-08-08 14:57:35.495131+08,2026-08-08 14:57:35.495131+08
70,douyin,2,3761941872424124476,弹动弹动鱼子酱氨基酸洗护套装养护补水控油蓬松洗发水去屑洗发露,44,CONFIRMED,MANUAL,1.0000,2026-06-01,,t,MASTERDATA_ADMIN,2026-08-08 14:57:35.495131+08,补充治理人工确认,2026-08-08 14:57:35.495131+08,2026-08-08 14:57:35.495131+08
71,douyin,1,3699812634267353390,弹动鱼子酱氨基酸洗发水+波拉时光沐浴露推荐洗护蓬松护发素留香,45,CONFIRMED,MANUAL,1.0000,2026-06-01,,t,MASTERDATA_ADMIN,2026-08-08 14:57:35.495131+08,补充治理人工确认,2026-08-08 14:57:35.495131+08,2026-08-08 14:57:35.495131+08
72,douyin,2,3729110614132523132,弹动洋甘菊二硫化硒净澈去屑洗发露去屑控油舒缓头痒留香洗发水,46,CONFIRMED,MANUAL,1.0000,2026-06-01,,t,MASTERDATA_ADMIN,2026-08-08 14:57:35.495131+08,补充治理人工确认,2026-08-08 14:57:35.495131+08,2026-08-08 14:57:35.495131+08
73,douyin,1,3701045682954699023,弹动多肽生姜控油洗发水发膜套装蓬松控油发膜强韧洗护洗发露D,47,CONFIRMED,MANUAL,1.0000,2026-06-01,,t,MASTERDATA_ADMIN,2026-08-08 14:57:35.495131+08,补充治理人工确认,2026-08-08 14:57:35.495131+08,2026-08-08 14:57:35.495131+08
74,douyin,2,3712216044652331033,弹动鱼子酱氨基酸洗发水发膜洗护套装蓬松控油持久留香洗发膏推荐,48,CONFIRMED,MANUAL,1.0000,2026-06-01,,t,MASTERDATA_ADMIN,2026-08-08 14:57:35.495131+08,补充治理人工确认,2026-08-08 14:57:35.495131+08,2026-08-08 14:57:35.495131+08
75,douyin,2,3768285822537826580,弹动人参茶树纯露洗发水发膜控油蓬松持久留香丰盈亮泽洗发露T,49,CONFIRMED,MANUAL,1.0000,2026-06-01,,t,MASTERDATA_ADMIN,2026-08-08 14:57:35.495131+08,补充治理人工确认,2026-08-08 14:57:35.495131+08,2026-08-08 14:57:35.495131+08
76,douyin,2,3705179438560968743,弹动鱼子酱氨基酸洗发水发膜鱼子酱奢护养护蓬松头发洗发露推荐ZC,50,CONFIRMED,MANUAL,1.0000,2026-06-01,,t,MASTERDATA_ADMIN,2026-08-08 14:57:35.495131+08,补充治理人工确认,2026-08-08 14:57:35.495131+08,2026-08-08 14:57:35.495131+08
77,douyin,1,3656359341075863427,弹动人参茶树纯露洗发水护发素套装控油蓬松防断护留香发膜洗发露,51,CONFIRMED,MANUAL,1.0000,2026-06-01,,t,MASTERDATA_ADMIN,2026-08-08 14:57:35.495131+08,补充治理人工确认,2026-08-08 14:57:35.495131+08,2026-08-08 14:57:35.495131+08
78,douyin,1,3751757186502624219,弹动奢养洗护全家桶鱼子酱人参二硫化硒护发精油套装洗发护发D,52,CONFIRMED,MANUAL,1.0000,2026-06-01,,t,MASTERDATA_ADMIN,2026-08-08 14:57:35.495131+08,补充治理人工确认,2026-08-08 14:57:35.495131+08,2026-08-08 14:57:35.495131+08
79,douyin,1,3781962349133562210,弹动鱼子酱氨基酸洗发水发膜洗护套装蓬松控油持久留香洗发水T,53,CONFIRMED,MANUAL,1.0000,2026-06-01,,t,MASTERDATA_ADMIN,2026-08-08 14:57:35.495131+08,补充治理人工确认,2026-08-08 14:57:35.495131+08,2026-08-08 14:57:35.495131+08
80,douyin,2,3790848361658187814,【618官方现货】弹动椰子蓬松洗发水柔顺养护控油蓬松留香双0配方ZB,54,CONFIRMED,MANUAL,1.0000,2026-06-01,,t,MASTERDATA_ADMIN,2026-08-08 14:57:35.495131+08,补充治理人工确认,2026-08-08 14:57:35.495131+08,2026-08-08 14:57:35.495131+08
81,douyin,1,3549184053443986020,弹动鱼子酱氨基酸去屑洗发水推荐洗头膏护发素香氛防干枯控油蓬松,55,CONFIRMED,MANUAL,1.0000,2026-06-01,,t,MASTERDATA_ADMIN,2026-08-08 14:57:35.495131+08,补充治理人工确认,2026-08-08 14:57:35.495131+08,2026-08-08 14:57:35.495131+08
82,douyin,2,3714045838092271940,弹动香水沐浴露 持久留香深层保湿滋润 润肤香氛,56,CONFIRMED,MANUAL,1.0000,2026-06-01,,t,MASTERDATA_ADMIN,2026-08-08 14:57:35.495131+08,补充治理人工确认,2026-08-08 14:57:35.495131+08,2026-08-08 14:57:35.495131+08
83,douyin,1,3758177690172129456,弹动鱼子酱人参洗发水发膜洗护套装礼盒装洗发家庭专用留香控油D,57,CONFIRMED,MANUAL,1.0000,2026-06-01,,t,MASTERDATA_ADMIN,2026-08-08 14:57:35.495131+08,补充治理人工确认,2026-08-08 14:57:35.495131+08,2026-08-08 14:57:35.495131+08
84,douyin,1,3713288416415318068,弹动多肽生姜控油洗发水修护养护蓬松防干枯洗头洗发露持久留香,58,CONFIRMED,MANUAL,1.0000,2026-06-01,,t,MASTERDATA_ADMIN,2026-08-08 14:57:35.495131+08,补充治理人工确认,2026-08-08 14:57:35.495131+08,2026-08-08 14:57:35.495131+08
85,douyin,1,3709424070937411947,【会员回购礼】弹动洗发水发膜旅行装柔顺蓬松丰盈控油养护洗发水,59,CONFIRMED,MANUAL,1.0000,2026-06-01,,t,MASTERDATA_ADMIN,2026-08-08 14:57:35.495131+08,补充治理人工确认,2026-08-08 14:57:35.495131+08,2026-08-08 14:57:35.495131+08
86,douyin,1,3648712046603833494,弹动椰子蓬松洗发水柔顺养护控油蓬松持久留香双0配方洗发推荐ZB,60,CONFIRMED,MANUAL,1.0000,2026-06-01,,t,MASTERDATA_ADMIN,2026-08-08 14:57:35.495131+08,补充治理人工确认,2026-08-08 14:57:35.495131+08,2026-08-08 14:57:35.495131+08
87,douyin,1,3777512887577346091,弹动人参茶树纯露蓬松洗头洗发水发膜控油防干枯持久留香洗发露,61,CONFIRMED,MANUAL,1.0000,2026-06-01,,t,MASTERDATA_ADMIN,2026-08-08 14:57:35.495131+08,补充治理人工确认,2026-08-08 14:57:35.495131+08,2026-08-08 14:57:35.495131+08
88,douyin,1,3695874993352212708,弹动人参茶树纯露洗头洗发水护发发膜去屑控油蓬松洗护套装护发素,62,CONFIRMED,MANUAL,1.0000,2026-06-01,,t,MASTERDATA_ADMIN,2026-08-08 14:57:35.495131+08,补充治理人工确认,2026-08-08 14:57:35.495131+08,2026-08-08 14:57:35.495131+08
89,douyin,1,3753211157360542173,弹动鱼子酱氨基酸洗发水人参洗发露发膜持久留香修护柔顺亮泽洗头,63,CONFIRMED,MANUAL,1.0000,2026-06-01,,t,MASTERDATA_ADMIN,2026-08-08 14:57:35.495131+08,补充治理人工确认,2026-08-08 14:57:35.495131+08,2026-08-08 14:57:35.495131+08
90,douyin,1,3686016419893477823,弹动鱼子酱氨基酸控油蓬松洗发水+人参纯露防干枯柔顺洗发露推荐,64,CONFIRMED,MANUAL,1.0000,2026-06-01,,t,MASTERDATA_ADMIN,2026-08-08 14:57:35.495131+08,补充治理人工确认,2026-08-08 14:57:35.495131+08,2026-08-08 14:57:35.495131+08
91,douyin,2,3756203886227095924,弹动鱼子酱护发精油不黏腻改善毛躁滋养柔顺清爽持久防断留香修护,65,CONFIRMED,MANUAL,1.0000,2026-06-01,,t,MASTERDATA_ADMIN,2026-08-08 14:57:35.495131+08,补充治理人工确认,2026-08-08 14:57:35.495131+08,2026-08-08 14:57:35.495131+08
92,douyin,2,3708857425307238619,弹动鱼子酱氨基酸洗发水发膜套装控油蓬松香氛洗发水推荐持久留香,66,CONFIRMED,MANUAL,1.0000,2026-06-01,,t,MASTERDATA_ADMIN,2026-08-08 14:57:35.495131+08,补充治理人工确认,2026-08-08 14:57:35.495131+08,2026-08-08 14:57:35.495131+08
93,douyin,1,3712718416164028597,弹动人参茶树纯露洗发水发膜控油蓬松洗发露持久防干枯香氛护发素,67,CONFIRMED,MANUAL,1.0000,2026-06-01,,t,MASTERDATA_ADMIN,2026-08-08 14:57:35.495131+08,补充治理人工确认,2026-08-08 14:57:35.495131+08,2026-08-08 14:57:35.495131+08
94,douyin,2,3704969880672534920,弹动精粹香水沐浴露持久留香深层保湿滋润润肤香氛ZB,68,CONFIRMED,MANUAL,1.0000,2026-06-01,,t,MASTERDATA_ADMIN,2026-08-08 14:57:35.495131+08,补充治理人工确认,2026-08-08 14:57:35.495131+08,2026-08-08 14:57:35.495131+08
95,douyin,2,3809053688601903586,弹动人参茶树纯露洗发水发膜洗护套装控油蓬松持久留香洗发露T,69,CONFIRMED,MANUAL,1.0000,2026-06-01,,t,MASTERDATA_ADMIN,2026-08-08 14:57:35.495131+08,补充治理人工确认,2026-08-08 14:57:35.495131+08,2026-08-08 14:57:35.495131+08
96,douyin,1,3704979428351279153,弹动人参茶树纯露洗发水控油蓬松洗护套装洗发露养发柔顺修护,70,CONFIRMED,MANUAL,1.0000,2026-06-01,,t,MASTERDATA_ADMIN,2026-08-08 14:57:35.495131+08,补充治理人工确认,2026-08-08 14:57:35.495131+08,2026-08-08 14:57:35.495131+08
97,douyin,1,3616058573274095640,弹动鱼子酱氨基酸洗发膏香氛洗发水控油蓬松防干枯洗头洗发水,71,CONFIRMED,MANUAL,1.0000,2026-06-01,,t,MASTERDATA_ADMIN,2026-08-08 14:57:35.495131+08,补充治理人工确认,2026-08-08 14:57:35.495131+08,2026-08-08 14:57:35.495131+08
98,douyin,1,3701046176926269577,弹动多肽生姜控油蓬松防干枯发膜洗发水家庭专用持久留香洗发露,72,CONFIRMED,MANUAL,1.0000,2026-06-01,,t,MASTERDATA_ADMIN,2026-08-08 14:57:35.495131+08,补充治理人工确认,2026-08-08 14:57:35.495131+08,2026-08-08 14:57:35.495131+08
99,douyin,1,3548208612667163091,弹动鱼子酱氨基酸洗护发素洗发水蓬松防干枯控油修护丰盈洗头膏,73,CONFIRMED,MANUAL,1.0000,2026-06-01,,t,MASTERDATA_ADMIN,2026-08-08 14:57:35.495131+08,补充治理人工确认,2026-08-08 14:57:35.495131+08,2026-08-08 14:57:35.495131+08
100,douyin,1,3639691712936411930,【会员兑换礼】弹动氨基酸净澈果酸沐浴露控油清爽润肤嫩肤持久留香,74,CONFIRMED,MANUAL,1.0000,2026-06-01,,t,MASTERDATA_ADMIN,2026-08-08 14:57:35.495131+08,补充治理人工确认,2026-08-08 14:57:35.495131+08,2026-08-08 14:57:35.495131+08
101,douyin,1,3779734622695457242,弹动人参茶树纯露洗发水发膜套装固发防断头发洗发水洗发膏香氛,75,CONFIRMED,MANUAL,1.0000,2026-06-01,,t,MASTERDATA_ADMIN,2026-08-08 14:57:35.495131+08,补充治理人工确认,2026-08-08 14:57:35.495131+08,2026-08-08 14:57:35.495131+08
102,douyin,2,3801461556567474477,弹动椰子蓬松洗护套装果酸嫩肤沐浴露洗护沐奢护套装持久留香,76,CONFIRMED,MANUAL,1.0000,2026-06-01,,t,MASTERDATA_ADMIN,2026-08-08 14:57:35.495131+08,补充治理人工确认,2026-08-08 14:57:35.495131+08,2026-08-08 14:57:35.495131+08
103,douyin,1,3741516670116691969,弹动洋甘菊二硫化硒洗发露控油去屑止痒蓬松持久留香洗头洗发水,77,CONFIRMED,MANUAL,1.0000,2026-06-01,,t,MASTERDATA_ADMIN,2026-08-08 14:57:35.495131+08,补充治理人工确认,2026-08-08 14:57:35.495131+08,2026-08-08 14:57:35.495131+08
104,douyin,2,3762142522525221264,弹动乳酸菌白松露洗发露去屑控油柔顺香氛亮泽推荐高级洗发水T,78,CONFIRMED,MANUAL,1.0000,2026-06-01,,t,MASTERDATA_ADMIN,2026-08-08 14:57:35.495131+08,补充治理人工确认,2026-08-08 14:57:35.495131+08,2026-08-08 14:57:35.495131+08
105,douyin,2,3719080407455629374,弹动乳酸菌白松露洗发露  去屑控油柔顺亮泽,79,CONFIRMED,MANUAL,1.0000,2026-06-01,,t,MASTERDATA_ADMIN,2026-08-08 14:57:35.495131+08,补充治理人工确认,2026-08-08 14:57:35.495131+08,2026-08-08 14:57:35.495131+08
106,douyin,2,3815727195893137557,弹动鱼子酱氨基酸洗发水发膜洗护套装养护蓬松洗发露持久留香T,80,CONFIRMED,MANUAL,1.0000,2026-06-01,,t,MASTERDATA_ADMIN,2026-08-08 14:57:35.495131+08,补充治理人工确认,2026-08-08 14:57:35.495131+08,2026-08-08 14:57:35.495131+08
107,douyin,2,3705303526784762155,弹动鱼子酱氨基酸洗发水发膜柔顺蓬松洗头洗发露网红洗发水,81,CONFIRMED,MANUAL,1.0000,2026-06-01,,t,MASTERDATA_ADMIN,2026-08-08 14:57:35.495131+08,补充治理人工确认,2026-08-08 14:57:35.495131+08,2026-08-08 14:57:35.495131+08
